author,author_url,tags
Albert Einstein,https://quotes.toscrape.com/author/Albert-Einstein,"change,deep-thoughts,thinking,world"
J.K. Rowling,https://quotes.toscrape.com/author/J-K-Rowling,"abilities,choices"
Albert Einstein,https://quotes.toscrape.com/author/Albert-Einstein,"inspirational,life,live,miracle,miracles"
Jane Austen,https://quotes.toscrape.com/author/Jane-Austen,"aliteracy,books,classic,humor"
Marilyn Monroe,https://quotes.toscrape.com/author/Marilyn-Monroe,"be-yourself,inspirational"
Albert Einstein,https://quotes.toscrape.com/author/Albert-Einstein,"adulthood,success,value"
André Gide,https://quotes.toscrape.com/author/Andre-Gide,"life,love"
Thomas A. Edison,https://quotes.toscrape.com/author/Thomas-A-Edison,"edison,failure,inspirational,paraphrased"
Eleanor Roosevelt,https://quotes.toscrape.com/author/Eleanor-Roosevelt,misattributed-eleanor-roosevelt
Steve Martin,https://quotes.toscrape.com/author/Steve-Martin,"humor,obvious,simile"
Marilyn Monroe,https://quotes.toscrape.com/author/Marilyn-Monroe,"friends,heartbreak,inspirational,life,love,sisters"
J.K. Rowling,https://quotes.toscrape.com/author/J-K-Rowling,"courage,friends"
Albert Einstein,https://quotes.toscrape.com/author/Albert-Einstein,"simplicity,understand"
Bob Marley,https://quotes.toscrape.com/author/Bob-Marley,love
Dr. Seuss,https://quotes.toscrape.com/author/Dr-Seuss,fantasy
Douglas Adams,https://quotes.toscrape.com/author/Douglas-Adams,"life,navigation"
Elie Wiesel,https://quotes.toscrape.com/author/Elie-Wiesel,"activism,apathy,hate,indifference,inspirational,love,opposite,philosophy"
Friedrich Nietzsche,https://quotes.toscrape.com/author/Friedrich-Nietzsche,"friendship,lack-of-friendship,lack-of-love,love,marriage,unhappy-marriage"
Mark Twain,https://quotes.toscrape.com/author/Mark-Twain,"books,contentment,friends,friendship,life"
Allen Saunders,https://quotes.toscrape.com/author/Allen-Saunders,"fate,life,misattributed-john-lennon,planning,plans"
